Epiry,Registration,Updated,Blacklisted,ServerLocation,BL_Score,PageRank,HTTPS,Cert_recieved,Cert_chain,Cert_hostname,Phishing
0.9980200016481925,0.9876137053404668,0.9999952477875357,0.0,0.0,0.75,0.6,1.0,1.0,1.0,1.0,0
0.9965121961563816,0.9885700385493515,0.9999501017691249,1.0,0.0,1.0,0.6,1.0,1.0,1.0,1.0,0
0.9955654460239869,0.9876187050637495,0.9999943072454854,1.0,0.0,0.0,0.6,1.0,1.0,1.0,1.0,0
0.996038525538634,0.989579141114863,0.9994697817947393,1.0,0.0,0.0,0.6,1.0,1.0,0.0,1.0,0
0.9960595096986965,0.9900952511638217,0.9994942853902584,1.0,0.0,1.0,0.5,0.0,1.0,0.0,0.0,0
0.9960343878169317,0.9935351597867009,0.9960295759882981,1.0,0.0,0.0,0.6,1.0,1.0,0.0,1.0,0
0.995527369132606,0.9880753629576343,0.9999951982853226,0.0,0.0,0.0,0.6,1.0,1.0,1.0,1.0,0
0.9955609142335509,0.987614200362574,0.9999847533183437,0.0,0.0,0.0,0.6,1.0,1.0,0.0,1.0,0
0.9955315068543084,0.9895646369671223,0.9999952477875357,0.0,0.14285714285714285,0.0,0.6,1.0,1.0,1.0,1.0,0
0.9970041417116484,0.9895594887372076,0.9994799792506524,0.0,0.0,0.0,0.7,1.0,1.0,1.0,1.0,0
0.9955367282650281,0.9875897462704787,0.9999951982853226,0.0,0.0,0.0,0.6,1.0,1.0,1.0,1.0,0
0.9965456919987349,0.9886037990570621,0.9999848523227701,0.0,0.0,0.0,0.6,1.0,1.0,0.0,1.0,0
0.9955322949917755,0.9875852910715139,0.9994954239411613,0.0,0.0,0.5,0.7,1.0,1.0,0.0,1.0,0
0.9974918017694375,0.9935147153736739,0.9999951982853226,0.0,0.0,0.0,0.6,1.0,1.0,1.0,1.0,0
0.9960188221019557,0.9880742244067878,0.9999952477875357,0.0,0.0,0.9166666666666666,0.7,1.0,1.0,0.0,1.0,0
0.9975410603611334,0.9890645656344367,0.9999897035396607,0.0,0.0,0.9166666666666666,0.6,1.0,1.0,1.0,1.0,0
0.9960241912884505,0.9875845980405639,0.9999951982853226,0.0,0.0,0.9166666666666666,0.6,1.0,1.0,1.0,1.0,0
0.9955318516644502,0.9895649834825974,0.9999604972338906,0.0,0.0,0.9166666666666666,0.6,0.0,0.0,0.0,0.0,0
0.9955469740521009,0.9890852080563066,0.9999756944133337,0.0,0.0,0.9166666666666666,0.6,1.0,1.0,0.0,1.0,0
0.9965263826307901,0.9910594552242109,0.9989752546851741,0.0,0.0,0.0,0.6,0.0,0.0,0.0,0.0,0
0.9960290186304368,0.9905700268668298,0.9999951487831094,0.0,0.0,0.9166666666666666,0.6,1.0,1.0,1.0,1.0,0
0.9994626872817813,0.9875749451094736,0.9995053738860084,0.0,0.0,0.9166666666666666,0.7,1.0,1.0,0.0,1.0,0
0.9955463336904089,0.9925496697757025,0.9995106211206044,0.0,0.0,0.9166666666666666,0.6,1.0,1.0,1.0,1.0,0
0.9955359401275611,0.9885789984494917,0.9999951982853226,0.0,0.0,0.0,0.6,0.0,0.0,0.0,0.0,0
0.9970045850389736,0.9945101553290269,0.9999701501654586,0.0,0.0,0.0,0.8,1.0,1.0,0.0,1.0,0
0.9955419496757479,0.9955153967221022,0.9999549034838024,0.0,0.0,0.9166666666666666,0.7,1.0,1.0,1.0,1.0,0
0.9965512089610048,0.9871242769830858,0.9999943567476987,0.0,0.0,0.0,0.6,0.0,0.0,0.0,0.0,0
0.995566234161454,0.9881145192063132,0.9999952477875357,0.0,0.0,0.0,0.6,1.0,1.0,1.0,1.0,0
0.9965068269698868,0.9959900239184781,0.9960295759882981,0.0,0.0,0.0,0.7,0.0,0.0,0.0,0.0,0
0.9960594604401048,0.9886101848422448,0.999954804479376,0.0,0.0,0.9166666666666666,0.7,0.0,0.0,0.0,0.0,0
0.9970048805905238,0.992530363913522,0.9990093617100481,0.0,0.0,0.0,0.5,1.0,1.0,1.0,1.0,0
0.9955556435642394,0.987608903626027,0.9999794565815345,0.0,0.0,0.9166666666666666,0.8,1.0,1.0,1.0,1.0,0
0.9960238464783087,0.9910494557776456,0.9994702768168711,0.0,0.0,0.9166666666666666,0.6,1.0,1.0,1.0,1.0,0
0.9955262361849969,0.9920344507665367,0.999500275158052,0.0,0.0,0.9166666666666666,0.8,1.0,1.0,1.0,1.0,0
0.9955372208509451,0.9876090521326591,0.9999951982853226,0.0,0.0,0.9166666666666666,0.7,1.0,1.0,0.0,1.0,0
0.9979948797664275,0.9880799666632312,0.9980155552784532,0.0,0.0,0.9166666666666666,0.5,1.0,1.0,1.0,1.0,0
0.9955518506526788,0.992555214023303,0.9999798525992399,0.0,0.0,0.9166666666666666,0.5,0.0,0.0,0.0,0.0,0
0.9960643370406828,0.9954994570102507,0.9994996811314939,0.0,0.0,0.0,0.5,1.0,1.0,0.0,1.0,0
0.9960292649233953,0.987589696768268,0.9984709261374012,0.0,0.0,0.0,0.6,1.0,1.0,0.0,1.0,0
0.9955606186820006,0.997514246488734,0.9999894560285949,0.0,0.0,0.16666666666666666,0.6,1.0,1.0,0.0,1.0,0
0.9990247291430133,0.9871349199583904,0.9994601288631713,0.0,0.0,0.9166666666666666,0.5,1.0,1.0,0.0,1.0,0
0.9965371702623714,0.9876051909602231,0.9994750785315485,0.0,0.0,0.9166666666666666,0.6,1.0,1.0,0.0,1.0,0
0.9999701492934323,0.9880849168843031,0.9999655959618471,0.0,0.0,0.9166666666666666,0.6,1.0,1.0,0.0,1.0,0
0.9955317531472668,0.9960001718716757,0.9999607942471695,0.0,0.0,0.0,0.5,1.0,1.0,1.0,1.0,0
0.9965366284178628,0.9975050390775402,0.9999652494463549,0.0,0.0,0.9166666666666666,0.5,1.0,1.0,0.0,1.0,0
0.9950790666895818,0.9871299202351078,0.9999951982853226,0.0,0.0,0.0,0.7,1.0,1.0,0.0,1.0,0
0.9955260391506302,0.9895591422217325,0.9999851988382623,0.0,0.0,0.4166666666666667,0.6,1.0,1.0,1.0,1.0,0
0.99557076595189,0.9886141450191024,0.9994996316292807,0.0,0.0,0.9166666666666666,0.7,0.0,1.0,0.0,0.0,0
0.0,0.0,0.0,0.0,0.0,0.0,0.7,1.0,1.0,1.0,1.0,0
0.9969992651110705,0.9875745490917879,0.9999951982853226,0.0,0.0,0.0,0.7,1.0,1.0,1.0,1.0,0
0.9955664804544124,0.9871247225029822,0.9999552499992946,0.0,0.14285714285714285,0.0,0.7,0.0,0.0,0.0,0.0,0
0.9955417033827895,0.9955151492110487,0.9979903586519497,0.0,0.0,0.9166666666666666,0.4,1.0,1.0,0.0,1.0,0
0.9960390673831427,0.989579685639181,0.9985200323328656,0.0,0.0,0.0,0.6,1.0,1.0,0.0,1.0,0
0.9955518506526788,0.9960203687736491,0.9999806446346506,0.0,0.0,0.9166666666666666,0.5,1.0,1.0,0.0,1.0,0
0.995556185408748,0.9881044207553266,0.9999951982853226,0.0,0.14285714285714285,0.0,0.5,1.0,1.0,1.0,1.0,0
0.9955415063484226,0.9885845921993031,0.9999952477875357,0.0,0.0,0.9166666666666666,0.6,1.0,1.0,0.0,1.0,0
0.0,0.0,0.0,0.0,0.0,0.9166666666666666,0.2,1.0,1.0,0.0,1.0,0
0.9955422944858898,0.9979908537735387,0.9999744568580045,0.0,0.0,0.9166666666666666,0.4,1.0,1.0,0.0,1.0,0
0.0,0.0,0.0,0.0,0.0,0.0,0.6,0.0,0.0,0.0,0.0,0
0.9984766287932133,0.9885641972884867,0.9999951982853226,0.0,0.0,0.9166666666666666,0.7,1.0,1.0,1.0,1.0,0
0.996028969371845,0.9885794934715989,0.9999601012161852,0.0,0.0,0.0,0.6,0.0,0.0,0.0,0.0,0
0.9955706674347067,0.9871289301908934,0.9999946042587645,0.0,0.0,0.0,0.8,1.0,1.0,1.0,1.0,0
0.9955264332193637,0.9954998035257256,0.9999500027646986,0.0,0.0,0.0,0.7,1.0,1.0,0.0,1.0,0
0.9960632533516655,0.9876239522980856,0.9999897530418739,0.0,0.0,0.0,0.6,1.0,1.0,1.0,1.0,0
0.9955419989343396,0.9925453135811593,0.9999657939706997,0.0,0.0,0.9166666666666666,0.5,1.0,1.0,1.0,1.0,0
0.9955411615382808,0.9895743394004233,0.9999952477875357,0.0,0.0,0.0,0.6,1.0,1.0,1.0,1.0,0
0.9974920480623961,0.9954950513134966,0.9989608495411417,0.0,0.14285714285714285,0.0,0.5,1.0,1.0,0.0,1.0,0
0.996542096121541,0.9950051279340084,0.9999807931412902,0.0,0.0,0.0,0.6,0.0,0.0,0.0,0.0,0
0.9960588693370045,0.9940547844926206,0.9989601565101573,0.0,0.0,0.0,0.7,1.0,1.0,1.0,1.0,0
0.9965261363378316,0.9935343182491186,0.9999807931412902,0.0,0.0,0.0,0.6,0.0,0.0,0.0,0.0,0
0.9975264798179915,0.9940445870372125,0.9984747378078153,0.0,0.0,0.0,0.6,1.0,1.0,1.0,1.0,0
0.9960384762800424,0.9915591800414215,0.9984803810601166,0.0,0.0,0.9166666666666666,0.6,1.0,1.0,1.0,1.0,0
0.995521359584419,0.9891136223252595,0.9989905013668303,0.0,0.0,0.08333333333333333,0.6,1.0,1.0,1.0,1.0,0
0.0,0.0,0.0,0.0,0.0,0.9166666666666666,0.7,0.0,0.0,0.0,0.0,0
0.9960294126991703,0.9890750106008984,0.9994849789741824,0.0,0.0,0.0,0.6,1.0,1.0,0.0,1.0,0
0.0,0.0,0.0,0.0,0.0,0.0,0.5,0.0,0.0,0.0,0.0,0
0.9960246346157758,0.9895651814914402,0.9999952477875357,0.0,0.0,0.9166666666666666,0.7,1.0,1.0,1.0,1.0,0
0.9950790666895818,0.9871299202351078,0.9965146481751479,0.0,0.0,0.9166666666666666,0.6,1.0,1.0,0.0,1.0,0
0.9955754455181012,0.9871337814075439,0.9999848028205569,0.0,0.0,0.9166666666666666,0.6,1.0,1.0,1.0,1.0,0
0.0,0.0,0.0,0.0,0.0,0.9166666666666666,0.5,0.0,0.0,0.0,0.0,0
0.0,0.0,0.0,0.0,0.0,0.9166666666666666,0.6,0.0,0.0,0.0,0.0,0
0.9955616038538346,0.9875801428415991,0.9999943072454854,0.0,0.0,0.9166666666666666,0.7,1.0,1.0,1.0,1.0,0
0.9965316533001015,0.9920547961751424,0.999960893251596,0.0,0.0,0.9166666666666666,0.7,1.0,1.0,0.0,1.0,0
0.0,0.0,0.0,0.0,0.2857142857142857,1.0,0.0,1.0,1.0,1.0,1.0,1
0.0,0.0,0.0,0.0,0.0,1.0,0.0,0.0,1.0,0.0,0.0,1
0.0,0.0,0.0,0.0,0.0,1.0,0.0,1.0,1.0,1.0,1.0,1
0.0,0.0,0.0,1.0,0.0,1.0,0.0,0.0,0.0,0.0,0.0,1
0.0,0.0,0.0,0.0,0.5714285714285714,0.9166666666666666,0.0,0.0,0.0,0.0,0.0,1
0.0,0.0,0.0,1.0,0.14285714285714285,0.0,0.0,1.0,1.0,1.0,1.0,1
0.0,0.0,0.0,1.0,0.0,1.0,0.0,0.0,1.0,0.0,0.0,1
0.0,0.0,0.0,0.0,0.0,1.0,0.0,1.0,1.0,1.0,1.0,1
0.0,0.0,0.0,0.0,0.0,1.0,0.0,1.0,1.0,1.0,1.0,1
0.0,0.0,0.0,0.0,0.7142857142857143,0.5,0.0,1.0,1.0,1.0,1.0,1
0.0,0.0,0.0,0.0,0.5714285714285714,0.5,0.4,1.0,1.0,1.0,1.0,1
0.0,0.0,0.0,0.0,0.0,0.0,0.0,1.0,1.0,1.0,1.0,1
0.0,0.0,0.0,0.0,0.2857142857142857,1.0,0.2,1.0,1.0,1.0,1.0,1
0.0,0.0,0.0,0.0,0.0,1.0,0.0,1.0,1.0,1.0,1.0,1
0.0,0.0,0.0,1.0,0.0,1.0,1.0,0.0,1.0,0.0,0.0,1
0.0,0.0,0.0,0.0,0.42857142857142855,0.0,0.0,0.0,1.0,0.0,0.0,1
0.0,0.0,0.0,0.0,0.42857142857142855,0.0,0.0,0.0,1.0,0.0,0.0,1
0.0,0.0,0.0,0.0,0.8571428571428571,0.0,0.0,1.0,1.0,1.0,1.0,1
0.0,0.0,0.0,0.0,0.0,1.0,0.0,1.0,1.0,1.0,1.0,1
0.0,0.0,0.0,0.0,0.0,1.0,0.4,0.0,1.0,0.0,0.0,1
0.0,0.0,0.0,0.0,0.0,1.0,0.0,0.0,1.0,0.0,0.0,1
0.0,0.0,0.0,0.0,0.0,1.0,0.0,0.0,1.0,0.0,0.0,1
0.0,0.0,0.0,0.0,0.0,1.0,0.0,0.0,0.0,0.0,0.0,1
0.0,0.0,0.0,0.0,0.5714285714285714,0.0,0.0,0.0,0.0,0.0,0.0,1
0.0,0.0,0.0,0.0,0.0,1.0,0.0,1.0,1.0,0.0,1.0,1
0.9955711107620319,0.9999999009955786,0.9999999504977868,1.0,0.0,1.0,0.0,0.0,0.0,0.0,0.0,1
0.0,0.0,0.0,0.0,0.0,1.0,0.0,1.0,1.0,1.0,1.0,1
0.0,0.0,0.0,1.0,0.0,1.0,0.0,0.0,0.0,0.0,0.0,1
0.0,0.0,0.0,0.0,0.7142857142857143,0.0,0.0,1.0,1.0,1.0,1.0,1
0.9955710122448485,0.9999998019911571,0.9999998514933605,1.0,0.0,1.0,0.0,1.0,1.0,1.0,1.0,1
0.9955711107620319,0.9999999009955786,0.0005000218552271144,0.0,0.7142857142857143,0.0,0.0,1.0,1.0,1.0,1.0,1
0.0,0.0,0.0,0.0,0.0,1.0,0.0,0.0,1.0,0.0,0.0,1
0.9955710615034402,0.9999998514933679,0.0005000218552271144,0.0,1.0,0.9166666666666666,0.0,0.0,0.0,0.0,0.0,1
0.0,0.0,0.0,0.0,0.7142857142857143,0.5,0.0,1.0,1.0,0.0,1.0,1
0.0,0.0,0.0,0.0,0.0,0.9166666666666666,0.2,1.0,1.0,1.0,1.0,1
0.9955711600206236,0.9999999504977893,1.0,0.0,0.5714285714285714,0.9166666666666666,0.0,0.0,0.0,0.0,0.0,1
0.0,0.0,0.0,1.0,0.0,1.0,0.0,1.0,1.0,1.0,1.0,1
0.0,0.0,0.0,0.0,0.14285714285714285,1.0,0.2,0.0,1.0,0.0,0.0,1
0.0,0.0,0.0,0.0,0.0,1.0,0.0,1.0,1.0,1.0,1.0,1
0.0,0.0,0.0,1.0,0.0,0.75,0.0,0.0,0.0,0.0,0.0,1
0.0,0.0,0.0,0.0,1.0,0.5833333333333334,0.0,0.0,0.0,0.0,0.0,1
0.0,0.0,0.0,0.0,0.7142857142857143,0.0,0.0,1.0,1.0,1.0,1.0,1
0.0,0.0,0.0,0.0,0.42857142857142855,0.0,0.0,0.0,1.0,0.0,0.0,1
0.0,0.0,0.0,0.0,0.0,0.0,0.4,0.0,1.0,0.0,0.0,1
0.0,0.0,0.0,0.0,0.0,1.0,0.0,0.0,0.0,0.0,0.0,1
0.0,0.0,0.0,0.0,0.0,1.0,0.0,1.0,1.0,1.0,1.0,1
0.0,0.0,0.0,0.0,0.2857142857142857,0.5,0.0,1.0,1.0,1.0,1.0,1
0.0,0.0,0.0,0.0,0.0,1.0,0.0,0.0,0.0,0.0,0.0,1
0.0,0.0,0.0,1.0,0.14285714285714285,0.0,0.0,1.0,1.0,0.0,1.0,1
0.0,0.0,0.0,0.0,0.0,1.0,0.0,0.0,1.0,0.0,0.0,1
0.0,0.0,0.0,0.0,0.2857142857142857,1.0,0.0,1.0,1.0,0.0,1.0,1
0.9955461859146337,0.9979947644481855,0.9999749518801362,0.0,0.0,0.0,0.6,0.0,0.0,0.0,0.0,0
0.9974966783700154,0.9905494834493813,0.9994905727242707,0.0,0.0,0.75,0.6,1.0,1.0,0.0,1.0,0
0.9965211119614786,0.993034246916433,0.9999552995015077,1.0,0.0,1.0,0.6,0.0,0.0,0.0,0.0,0
0.9975063330539878,0.9974894953833743,0.99996470492201,1.0,0.0,0.0,0.4,0.0,1.0,0.0,0.0,0
0.9955261869264053,0.988074174904577,0.9999952477875357,1.0,0.0,0.0,0.6,1.0,1.0,1.0,1.0,0
0.9970446322740224,0.9871285836754183,0.9994905727242707,1.0,0.0,1.0,0.9,1.0,1.0,1.0,1.0,0
0.999994975623647,0.9876149428957348,0.9999905450772846,1.0,0.0,0.0,0.7,1.0,1.0,0.0,1.0,0
0.9955665297130042,0.9886098383267699,0.9999901490595793,0.0,0.0,0.0,0.6,0.0,0.0,0.0,0.0,0
0.9955667760059627,0.9955403458363047,0.9999956438052411,1.0,0.0,1.0,0.3,1.0,1.0,0.0,1.0,0
0.9955219014289277,0.9900500061432244,0.9999502997779777,0.0,0.0,0.0,0.6,1.0,1.0,1.0,1.0,0
0.9955214088430108,0.9895544890139248,0.9999500522669118,0.0,0.0,0.0,0.6,0.0,0.0,0.0,0.0,0
0.9955457425873085,0.9890839705010386,0.9999646059175836,0.0,0.0,0.0,0.5,1.0,1.0,0.0,1.0,0
0.9999691641215984,0.9875854890803568,0.9999645564153705,1.0,0.0,1.0,0.6,1.0,1.0,1.0,1.0,0
0.9960536971848765,0.9886044425858015,0.9999849513271964,1.0,0.0,1.0,0.6,1.0,1.0,0.0,1.0,0
0.9970138949128041,0.9920444007108914,0.9994695837858867,0.0,0.0,0.16666666666666666,0.5,1.0,1.0,0.0,1.0,0
0.9955222954976612,0.9959906674472175,0.9999505472890434,0.0,0.0,0.16666666666666666,0.5,0.0,0.0,0.0,0.0,0
1.0,0.9876199921212282,0.9999955448008148,0.0,0.0,0.16666666666666666,0.6,1.0,1.0,0.0,1.0,0
0.9703992315265627,0.9751985508920843,0.9751985991665708,0.0,0.0,0.0,0.6,0.0,0.0,0.0,0.0,0
0.996023649443942,0.9870890809112645,0.9999546559727366,1.0,0.0,1.0,0.7,1.0,1.0,0.0,1.0,0
0.9960139455013778,0.9900494616189064,0.9999498047558459,0.0,0.0,0.16666666666666666,0.5,1.0,1.0,0.0,1.0,0
0.9955365312306614,0.9890747135876341,0.9999951982853226,0.0,0.0,0.0,0.6,1.0,1.0,1.0,1.0,0
0.996028969371845,0.9885794439693882,0.9999900005529397,0.0,0.0,0.0,0.6,0.0,0.0,0.0,0.0,0
0.9974966783700154,0.9930245939853428,0.999000599818317,0.0,0.0,0.0,0.6,1.0,1.0,0.0,1.0,0
0.9960340922653814,0.9880895700921107,0.9999952477875357,1.0,0.0,1.0,0.7,0.0,0.0,0.0,0.0,0
0.9970435978435968,0.992074250543955,0.9975048904473945,1.0,0.0,1.0,0.6,1.0,1.0,0.0,1.0,0
0.9955708644690734,0.9880844713644067,0.9985199333284392,0.0,0.0,0.0,0.5,0.0,0.0,0.0,0.0,0
0.9955322457331839,0.9875846970449853,0.999974605364644,0.0,0.0,0.5,0.6,1.0,1.0,1.0,1.0,0
0.9975266275937665,0.9876094976525557,0.9999951982853226,0.0,0.0,0.0,0.6,1.0,1.0,0.0,1.0,0
0.9960639922305409,0.9886147885478418,0.9999952972897489,0.0,0.2857142857142857,0.0,0.7,1.0,1.0,1.0,1.0,0
0.9960199550495648,0.9959957661749216,0.9994992356115754,1.0,0.0,0.0,0.5,1.0,1.0,0.0,1.0,0
0.9950783278107064,0.9915843271644669,0.9995047303572372,0.0,0.2857142857142857,0.0,0.8,1.0,1.0,1.0,1.0,0
0.9955757410696513,0.9970344215602325,0.9995096310763409,0.0,0.0,0.16666666666666666,0.5,1.0,1.0,0.0,1.0,0
0.9965520956156553,0.9910852953782063,0.9999507452978962,0.0,0.0,0.16666666666666666,0.5,1.0,1.0,0.0,1.0,0
0.9955468262763258,0.9970053637625402,0.9989655522513928,0.0,0.0,0.0,0.6,1.0,1.0,1.0,1.0,0
0.9960198565323813,0.9880752639532129,0.999464732568996,0.0,0.0,0.0,0.6,1.0,1.0,1.0,1.0,0
0.9975420947915591,0.9876250413467215,0.9999897035396607,1.0,0.0,0.0,0.6,1.0,1.0,0.0,1.0,0
0.9995118966148856,0.9881195189295959,0.9999898025440871,0.0,0.0,0.0,0.6,1.0,1.0,0.0,1.0,0
0.9955264332193637,0.9980005562068397,0.9999497552536327,1.0,0.0,1.0,0.6,1.0,1.0,1.0,1.0,0
0.9989903466460096,0.991060494770636,0.99947057383015,0.0,0.0,0.16666666666666666,0.5,1.0,1.0,0.0,1.0,0
0.9974919988038043,0.9900497586321707,0.9999502997779777,0.0,0.0,0.16666666666666666,0.6,1.0,1.0,0.0,1.0,0
0.9955365804892531,0.9890748125920555,0.9999602992250379,0.0,0.0,0.5833333333333334,0.7,1.0,1.0,0.0,1.0,0
0.9950785248450731,0.9876243978179822,0.9995049778683031,1.0,0.0,1.0,0.6,1.0,1.0,0.0,1.0,0
0.9960684747623851,0.9935694153165187,0.9984657284050183,0.0,0.0,0.16666666666666666,0.5,1.0,1.0,0.0,1.0,0
0.9960241912884505,0.9880796201477562,0.9994552776462806,0.0,0.0,0.0,0.6,1.0,1.0,1.0,1.0,0
0.996536923969413,0.9945352034476508,0.9994801277572919,0.0,0.0,0.0,0.7,1.0,1.0,1.0,1.0,0
0.995551801394087,0.9876049434491695,0.9999756449111205,1.0,0.0,1.0,0.6,0.0,0.0,0.0,0.0,0
0.9955267780295056,0.989559934257104,0.9994999286425598,0.0,0.0,0.5,0.7,1.0,1.0,0.0,1.0,0
0.9979993130396803,0.995509802972291,0.9999803971235848,0.0,0.0,0.16666666666666666,0.5,1.0,1.0,0.0,1.0,0
0.9999603468336848,0.9895601817681576,0.9999556955192132,0.0,0.0,0.0,0.6,1.0,1.0,1.0,1.0,0
0.9965274170612157,0.994525649520982,0.9989806504264096,0.0,0.0,0.0,0.5,1.0,1.0,1.0,1.0,0
0.9975460354788948,0.9945592615220603,0.9994752765404012,0.0,0.0,0.16666666666666666,0.5,1.0,1.0,0.0,1.0,0
0.9965459382916934,0.9925641739234432,0.998960057505731,0.0,0.0,0.16666666666666666,0.5,1.0,1.0,0.0,1.0,0
0.9955463336904089,0.9875994982059904,0.9999952477875357,0.0,0.0,0.0,0.7,1.0,1.0,0.0,1.0,0
0.0,0.0,0.0,1.0,0.0,1.0,0.7,1.0,1.0,1.0,1.0,0
0.995556185408748,0.9965197470753846,0.9999849513271964,0.0,0.0,0.16666666666666666,0.6,1.0,1.0,0.0,1.0,0
0.9955565794774817,0.9885998388802045,0.9999951982853226,0.0,0.0,0.9166666666666666,0.6,1.0,1.0,1.0,1.0,0
0.9960641400063159,0.9896048822644371,0.9994954734433744,0.0,0.0,0.0,0.6,0.0,0.0,0.0,0.0,0
0.995546629241959,0.9885898394336393,0.9975046924385419,0.0,0.0,0.9166666666666666,0.5,1.0,1.0,0.0,1.0,0
0.9955465307247756,0.9861146298932564,0.999974605364644,0.0,0.0,0.08333333333333333,0.6,1.0,1.0,0.0,1.0,0
0.995566234161454,0.9965298455263714,0.9999948517698304,0.0,0.0,0.16666666666666666,0.5,1.0,1.0,0.0,1.0,0
0.9955317038886752,0.9875846970449853,0.9994699798035921,0.0,0.0,0.0,0.5,1.0,1.0,1.0,1.0,0
0.9955613575608762,0.9925598177289,0.9999901490595793,0.0,0.0,0.9166666666666666,0.5,1.0,1.0,0.0,1.0,0
0.9975223913548807,0.9876052404624338,0.9999755459066941,0.0,0.0,0.0,0.6,1.0,1.0,1.0,1.0,0
0.9960534508919179,0.9890693178466657,0.9965099454648968,0.0,0.0,0.0,0.8,1.0,1.0,0.0,1.0,0
0.9960484757741567,0.9910742068830052,0.9999796545903873,0.0,0.0,0.0,0.8,1.0,1.0,0.0,1.0,0
0.999964681589754,0.9895645379627008,0.9999600517139721,0.0,0.0,0.9166666666666666,0.5,1.0,1.0,1.0,1.0,0
0.995542097451523,0.9880902631230608,0.9995093835652751,0.0,0.0,0.0,0.6,1.0,1.0,0.0,1.0,0
0.9950790666895818,0.9851498318063386,0.9995053738860084,0.0,0.0,0.6666666666666666,0.6,0.0,0.0,0.0,0.0,0
0.9955272213568309,0.9880752144510022,0.9999951982853226,0.0,0.0,0.0,0.6,1.0,1.0,1.0,1.0,0
0.9955417033827895,0.9895748839247412,0.9985198343240129,0.0,0.0,0.9166666666666666,0.6,1.0,1.0,1.0,1.0,0
0.9960436976907622,0.9885943441348147,0.999014905957923,0.0,0.0,0.0,0.6,1.0,1.0,1.0,1.0,0
0.9975223913548807,0.9885952846768183,0.9989756012006663,0.0,0.14285714285714285,0.0,0.6,1.0,1.0,0.0,1.0,0
0.9984767273103967,0.9895889425525854,0.998464738360755,0.0,0.0,0.0,0.6,1.0,1.0,1.0,1.0,0
0.9965619473339945,0.9906001737131579,0.9989704529704966,0.0,0.0,0.9166666666666666,0.6,1.0,1.0,1.0,1.0,0
0.9960393629346929,0.9871049711209053,0.999970546183164,0.0,0.0,0.0,0.6,1.0,1.0,1.0,1.0,0
0.9955264824779554,0.9890646646388581,0.9999501512713381,0.0,0.0,0.9166666666666666,0.6,1.0,1.0,0.0,1.0,0
0.9955361864205196,0.9875892017461608,0.9999996534845078,0.0,0.0,0.4166666666666667,0.6,1.0,1.0,1.0,1.0,0
0.9960588693370045,0.9915796739566592,0.9994548321263621,0.0,0.0,0.0,0.6,1.0,1.0,1.0,1.0,0
0.9960690658654855,0.9876297935589505,0.9999954457963884,0.0,0.0,0.9166666666666666,0.5,0.0,0.0,0.0,0.0,0
0.9955759381040181,0.9866392543224588,0.9999851493360491,0.0,0.0,0.0,0.7,1.0,1.0,1.0,1.0,0
0.9955411615382808,0.9880892730788464,0.9999851493360491,0.0,0.0,0.9166666666666666,0.7,1.0,1.0,1.0,1.0,0
0.995566234161454,0.9871244749919287,0.9984900339916847,0.0,0.0,0.0,0.6,1.0,1.0,1.0,1.0,0
0.9955408167281389,0.9945242139568711,0.9999900005529397,0.0,0.0,0.0,0.5,1.0,1.0,1.0,1.0,0
0.9955703718831564,0.9871286331776291,0.9999955943030279,0.0,0.0,0.0,0.6,1.0,1.0,1.0,1.0,0
0.9999543865440896,0.9915839311467811,0.9999497552536327,0.0,0.0,0.9166666666666666,0.5,1.0,1.0,0.0,1.0,0
0.9955658400927204,0.9876191505836459,0.9994946319057506,0.0,0.0,0.0,0.6,1.0,1.0,1.0,1.0,0
0.9965567751818664,0.9881199149472817,0.999970843196443,0.0,0.0,0.9166666666666666,0.6,1.0,1.0,1.0,1.0,0
0.9970144860159045,0.99204499473742,0.9989898083358459,0.0,0.0,0.9166666666666666,0.6,1.0,1.0,0.0,1.0,0
0.9955416541241977,0.9890799113197596,0.9994703263190843,0.0,0.0,0.0,0.7,0.0,0.0,0.0,0.0,0
0.9955616038538346,0.9890999102128902,0.9985199333284392,0.0,0.0,0.9166666666666666,0.5,1.0,1.0,0.0,1.0,0
0.9955371223337617,0.985115031752203,0.9999952477875357,0.0,0.0,0.0,0.7,1.0,1.0,1.0,1.0,0
0.9955464322075922,0.9866095529960273,0.9999952477875357,0.0,0.0,0.0,0.6,1.0,1.0,0.0,1.0,0
0.9955312605613499,0.9955046547423761,0.9999599032073325,0.0,0.0,0.0,0.5,1.0,1.0,0.0,1.0,0
0.9960340922653814,0.9836343711273802,0.9994804247705709,0.0,0.0,0.0,0.7,1.0,1.0,0.0,1.0,0
0.9970191655821157,0.9885844931948816,0.9989952535792946,0.0,0.0,0.0,0.6,0.0,0.0,0.0,0.0,0
0.9994624902474146,0.9915349734603798,0.9994554261529202,0.0,0.0,0.75,0.5,1.0,1.0,0.0,1.0,0
0.9955214088430108,0.9890595164089433,0.9999500522669118,0.0,0.0,0.0,0.6,1.0,1.0,0.0,1.0,0
0.9994780067037988,0.9940256771927177,0.9994905232220574,0.0,0.0,0.16666666666666666,0.5,1.0,1.0,0.0,1.0,0
0.9960334026450977,0.9880854119064103,0.9999754469022678,0.0,0.0,0.9166666666666666,0.6,1.0,1.0,0.0,1.0,0
0.995084041807343,0.9906000252065257,0.9995105221161781,0.0,0.0,0.9166666666666666,0.5,1.0,1.0,0.0,1.0,0
0.995556037632973,0.995529554354368,0.9989608495411417,0.0,0.0,0.0,0.7,1.0,1.0,0.0,1.0,0
0.9955218029117443,0.989059912426629,0.9995049283660898,0.0,0.0,0.9166666666666666,0.5,1.0,1.0,0.0,1.0,0
0.9955710615034402,0.9871293757107898,0.9999949507742567,0.0,0.0,0.9166666666666666,0.6,1.0,1.0,1.0,1.0,0
0.995540964503914,0.9905641856059649,0.9999610912604486,0.0,0.0,0.0,0.6,1.0,1.0,0.0,1.0,0
0.9955704704003399,0.9920405890406659,0.9999906935839241,0.0,0.0,0.0,0.5,1.0,1.0,1.0,1.0,0
0.9955509639980282,0.9960194777338561,0.9999797535948136,0.0,0.0,0.16666666666666666,0.6,1.0,1.0,0.0,1.0,0
0.995540964503914,0.9866040087484267,0.9999646554197968,0.0,0.0,0.9166666666666666,0.6,1.0,1.0,0.0,1.0,0
0.9989692639687637,0.9910798006328164,0.9989597109902388,0.0,0.0,0.9166666666666666,0.5,1.0,1.0,1.0,1.0,0
0.9950837955143845,0.9891147113738953,0.9999952477875357,0.0,0.0,0.9166666666666666,0.5,1.0,1.0,1.0,1.0,0
0.999979114357121,0.9880940252910755,0.9999801001103058,0.0,0.0,0.0,0.6,1.0,1.0,1.0,1.0,0
0.9960391659003262,0.9885898394336393,0.9999703481743113,0.0,0.0,0.9166666666666666,0.7,0.0,0.0,0.0,0.0,0
0.9955558898571979,0.9876091511370806,0.9999701996676719,0.0,0.0,0.0,0.6,1.0,1.0,1.0,1.0,0
0.9999698044832904,0.9895696861926156,0.9999651999441417,0.0,0.0,0.9166666666666666,0.5,0.0,0.0,0.0,0.0,0
0.9955318024058586,0.9885748402637914,0.9999957428096674,0.0,0.0,0.9166666666666666,0.7,1.0,1.0,1.0,1.0,0
0.9965313577485514,0.9910644549474935,0.999965843472913,0.0,0.0,0.9166666666666666,0.6,1.0,1.0,0.0,1.0,0
0.9999643367796122,0.9895544395117142,0.9999951487831094,0.0,0.0,0.9166666666666666,0.5,1.0,1.0,0.0,1.0,0
0.9970385242086521,0.9871189802465389,0.9999600517139721,0.0,0.0,0.9166666666666666,0.6,1.0,1.0,1.0,1.0,0
0.9960388210901843,0.9970047697360116,0.9999750013823493,0.0,0.0,0.9166666666666666,0.4,1.0,1.0,0.0,1.0,0
0.995551653618312,0.9950301265504217,0.9999951487831094,0.0,0.0,0.9166666666666666,0.6,1.0,1.0,0.0,1.0,0
0.9960441410180874,0.9905748285812697,0.9985055281844069,0.0,0.0,0.0,0.6,1.0,1.0,1.0,1.0,0
0.9955465307247756,0.9880947678242362,0.9999893075219554,0.0,0.0,0.9166666666666666,0.6,1.0,1.0,1.0,1.0,0
0.995545841104492,0.98908406950546,0.9999904460728583,0.0,0.0,0.9166666666666666,0.6,0.0,1.0,0.0,0.0,0
0.9980045344503999,0.993534961777858,0.9999949507742567,0.0,0.0,0.0,0.7,0.0,0.0,0.0,0.0,0
0.9960488205842986,0.988104519759748,0.9999800506080926,0.0,0.0,0.9166666666666666,0.6,0.0,0.0,0.0,0.0,0
0.9970050776248907,0.9974807829942878,0.9994609704007952,0.0,0.0,0.16666666666666666,0.6,1.0,1.0,0.0,1.0,0
0.9955558898571979,0.9895891405614283,0.9989847591101026,0.0,0.0,0.0,0.7,1.0,1.0,1.0,1.0,0
0.995082761083959,0.9955489592209699,0.9980247626901028,0.0,0.0,0.9166666666666666,0.4,1.0,1.0,0.0,1.0,0
0.9955212610672357,0.9895543405072927,0.9999952477875357,0.0,0.0,0.75,0.6,1.0,1.0,0.0,1.0,0
0.9955265317365471,0.9895596372438397,0.9985199333284392,0.0,0.0,0.9166666666666666,0.5,1.0,1.0,1.0,1.0,0
0.9960292649233953,0.9875897462704787,0.9999603982294643,0.0,0.0,0.9166666666666666,0.5,1.0,1.0,1.0,1.0,0
0.9970541391822197,0.9891141173473667,0.9995091360542093,0.0,0.0,0.9166666666666666,0.6,1.0,1.0,1.0,1.0,0
0.9955216058773775,0.9910397533443446,0.9999502502757645,0.0,0.0,0.9166666666666666,0.3,1.0,1.0,1.0,1.0,0
0.9955616531124263,0.9980103081423514,0.9999904460728583,0.0,0.0,0.9166666666666666,0.5,0.0,0.0,0.0,0.0,0
0.0,0.0,0.0,0.0,0.0,0.5833333333333334,0.6,0.0,0.0,0.0,0.0,0
0.9955317531472668,0.9885747907615806,0.9999600022117588,0.0,0.0,0.9166666666666666,0.5,1.0,1.0,0.0,1.0,0
0.0,0.0,0.0,0.0,0.0,0.9166666666666666,0.5,1.0,1.0,1.0,1.0,0
0.9955218029117443,0.9964851945323027,0.9999504482846171,0.0,0.0,0.0,0.3,1.0,1.0,1.0,1.0,0
0.9960582289753124,0.9950441851782659,0.9999894560285949,0.0,0.0,0.0,0.6,1.0,1.0,0.0,1.0,0
0.9950837462557929,0.9871346229451261,0.9999952477875357,0.0,0.0,0.0,0.6,0.0,0.0,0.0,0.0,0
0.9955606186820006,0.9886038980614835,0.9999651999441417,0.0,0.0,0.9166666666666666,0.6,1.0,1.0,0.0,1.0,0
0.9975063330539878,0.9876089531282377,0.9999952477875357,0.0,0.0,0.9166666666666666,0.6,1.0,1.0,1.0,1.0,0
0.9965164816538592,0.990554483172664,0.9994800782550787,0.0,0.0,0.9166666666666666,0.6,1.0,1.0,1.0,1.0,0
0.99605409125361,0.9975151375285269,0.9994945329013242,0.0,0.0,0.0,0.6,1.0,1.0,0.0,1.0,0
0.9955365804892531,0.988124073132982,0.9999646059175836,0.0,0.0,0.0,0.6,1.0,1.0,0.0,1.0,0
0.9955759381040181,0.9891143153562095,0.9994996316292807,0.0,0.0,0.9166666666666666,0.8,1.0,1.0,1.0,1.0,0
0.9994625395060063,0.9900900534316962,0.9994554261529202,0.0,0.0,0.16666666666666666,0.6,1.0,1.0,0.0,1.0,0
0.9955316053714918,0.9880796201477562,0.9985200818350787,0.0,0.0,0.0,0.6,0.0,0.0,0.0,0.0,0
0.99847682582758,0.9895543900095034,0.9985192402974549,0.0,0.0,0.0,0.6,1.0,1.0,1.0,1.0,0
0.9975457891859363,0.9881237761197177,0.999994455752125,0.0,0.0,0.0,0.7,1.0,1.0,0.0,1.0,0
0.9955607664577758,0.9925641739234432,0.9999997524889341,0.0,0.0,0.9166666666666666,0.5,1.0,1.0,0.0,1.0,0
0.9955316053714918,0.9895647854737545,0.9989698589439386,0.0,0.0,0.9166666666666666,0.6,1.0,1.0,1.0,1.0,0
0.9955608649749591,0.9989995603213644,0.9999855948559676,0.0,0.0,0.16666666666666666,0.3,1.0,1.0,0.0,1.0,0
0.9955759873626098,0.9881243701462463,0.9995048293616635,0.0,0.0,0.9166666666666666,0.6,1.0,1.0,0.0,1.0,0
0.0,0.0,0.0,0.0,0.0,0.9166666666666666,0.5,1.0,1.0,0.0,1.0,0
0.9960443380524542,0.9880999655563618,0.9999547549771629,0.0,0.0,0.9166666666666666,0.6,1.0,1.0,1.0,1.0,0
0.9955709137276652,0.9886142440235238,0.9999951982853226,0.0,0.0,0.9166666666666666,0.5,1.0,1.0,0.0,1.0,0
0.9960685732795685,0.9866392543224588,0.9995007206779705,0.0,0.0,0.0,0.7,1.0,1.0,1.0,1.0,0
0.0,0.0,0.0,0.0,0.0,0.9166666666666666,0.6,1.0,1.0,1.0,1.0,0
0.9955658400927204,0.9876191010814352,0.9999946537609776,0.0,0.0,0.0,0.7,1.0,1.0,0.0,1.0,0
0.9970143382401294,0.9895697356948264,0.9999952477875357,0.0,0.0,0.0,0.6,0.0,0.0,0.0,0.0,0
0.9955225910492115,0.9890641201145401,0.9989805019197701,0.0,0.0,0.5,0.6,1.0,1.0,1.0,1.0,0
0.9994826862700099,0.9915552693667746,0.9999600517139721,0.0,0.0,0.0,0.5,0.0,0.0,0.0,0.0,0
0.0,0.0,0.0,0.0,0.0,0.5833333333333334,0.6,1.0,1.0,1.0,1.0,0
0.996024437581409,0.9950102266617125,0.9999504482846171,0.0,0.0,0.9166666666666666,0.4,1.0,1.0,0.0,1.0,0
0.9955558405986061,0.9876090521326591,0.9999951982853226,0.0,0.0,0.9166666666666666,0.6,0.0,0.0,0.0,0.0,0
0.9955555943056477,0.9970141751560483,0.9999951982853226,0.0,0.0,0.0,0.6,0.0,0.0,0.0,0.0,0
0.9955561361501564,0.9975097417875585,0.9999808426435033,0.0,0.0,0.9166666666666666,0.4,1.0,1.0,0.0,1.0,0
0.9955265317365471,0.992034747779801,0.9989950060682288,0.0,0.0,0.0,0.6,0.0,0.0,0.0,0.0,0
0.9955417526413811,0.988089867105375,0.9994704253235106,0.0,0.0,0.0,0.7,1.0,1.0,1.0,1.0,0
0.9965408646567486,0.987608903626027,0.999970546183164,0.0,0.0,0.9166666666666666,0.6,1.0,1.0,1.0,1.0,0
0.9960236987025336,0.9875841525206674,0.9999704966809508,0.0,0.0,0.0,0.7,1.0,1.0,1.0,1.0,0
0.9969990680767037,0.9880693731901373,0.9990045599953705,0.0,0.0,0.0,0.6,1.0,1.0,0.0,1.0,0
0.9965215060302122,0.9890745155787912,0.9994800287528655,0.0,0.14285714285714285,0.0,0.7,1.0,1.0,1.0,1.0,0
0.9955321472160005,0.9870901204576895,0.9999607942471695,0.0,0.0,0.0,0.6,0.0,0.0,0.0,0.0,0
0.9960684255037935,0.9866391058158266,0.9999503492801908,0.0,0.0,0.0,0.8,1.0,1.0,0.0,1.0,0
0.9955509147394366,0.9970095219482407,0.9999794070793214,0.0,0.0,0.0,0.6,1.0,1.0,1.0,1.0,0
0.9960248809087343,0.9875852910715139,0.9989850561233817,0.0,0.0,0.0,0.7,0.0,0.0,0.0,0.0,0
0.9965071717800287,0.9870799230022813,0.9999805456302243,0.0,0.0,0.0,0.9,1.0,1.0,1.0,1.0,0
0.9955219999461111,0.9984755299186906,0.999960348727251,0.0,0.0,0.0,0.6,1.0,1.0,1.0,1.0,0
0.9960198072737897,0.9880752144510022,0.9999951982853226,0.0,0.0,0.0,0.6,1.0,1.0,0.0,1.0,0
0.9955367775236199,0.98956998320588,0.9999758429199732,0.0,0.0,0.9166666666666666,0.6,1.0,1.0,0.0,1.0,0
0.9955371715923534,0.9875901917903752,0.9999952477875357,0.0,0.0,0.9166666666666666,0.6,1.0,1.0,0.0,1.0,0
0.9960240435126755,0.9925347201080653,0.9984650848762472,0.0,0.0,0.9166666666666666,0.4,0.0,0.0,0.0,0.0,0
0.9960483772569733,0.9881040247376408,0.9999708926986562,0.0,0.0,0.9166666666666666,0.6,1.0,1.0,1.0,1.0,0
0.9999996059312665,0.9871245739963501,0.9999951487831094,0.0,0.0,0.0,0.6,0.0,0.0,0.0,0.0,0
0.9974924913897213,0.9880701157232981,0.999505274881582,0.0,0.0,0.0,0.5,1.0,1.0,1.0,1.0,0
0.9955412600554642,0.9875943004738649,0.9999601012161852,0.0,0.0,0.0,0.6,1.0,1.0,1.0,1.0,0
0.9955469740521009,0.988095163841922,0.9999952477875357,0.0,0.0,0.0,0.7,0.0,0.0,0.0,0.0,0
0.9965313084899596,0.9890843665187243,0.9999657939706997,0.0,0.0,0.0,0.5,1.0,1.0,0.0,1.0,0
0.9950789681723984,0.9876248433378786,0.9995054233882216,0.0,0.0,0.9166666666666666,0.5,0.0,0.0,0.0,0.0,0
0.9955515551011286,0.9890898117619035,0.9999753478978415,0.0,0.0,0.9166666666666666,0.6,1.0,1.0,1.0,1.0,0
0.9955563331845231,0.9871145745497848,0.9999801496125189,0.0,0.0,0.9166666666666666,0.6,1.0,1.0,0.0,1.0,0
0.0,0.0,0.0,0.0,0.2857142857142857,0.0,0.7,0.0,0.0,0.0,0.0,0
0.9999546328370481,0.9870793784779635,0.9999500027646986,0.0,0.0,0.0,0.6,1.0,1.0,0.0,1.0,0
0.9960189206191391,0.9959947266284965,0.999955943030279,0.0,0.0,0.0,0.6,1.0,1.0,0.0,1.0,0
0.9960440425009041,0.987604695938116,0.9999751993912019,0.0,0.0,0.0,0.6,0.0,0.0,0.0,0.0,0
0.9955412600554642,0.9890794657998632,0.999969952156606,0.0,0.0,0.9166666666666666,0.5,1.0,1.0,1.0,1.0,0
0.9955463336904089,0.9920546476685103,0.9999699026543928,0.0,0.0,0.9166666666666666,0.0,0.0,0.0,0.0,0.0,0
0.9955370238165784,0.9989756012513763,0.9999656949662734,0.0,0.0,0.9166666666666666,0.0,1.0,1.0,0.0,1.0,0
0.9960195609808312,0.9860948785111794,0.9999951982853226,0.0,0.0,0.9166666666666666,0.6,1.0,1.0,0.0,1.0,0
0.0,0.0,0.0,0.0,0.0,0.9166666666666666,0.5,1.0,1.0,0.0,1.0,0
0.9970248795787523,0.9895803291679203,0.9994905727242707,0.0,0.0,0.9166666666666666,0.7,0.0,0.0,0.0,0.0,0
0.9955323442503672,0.9930306332550506,0.9999951982853226,0.0,0.0,0.9166666666666666,0.5,1.0,1.0,0.0,1.0,0
0.9970145352744962,0.9900649558108615,0.9999556460169999,0.0,0.0,0.0,0.5,1.0,1.0,1.0,1.0,0
0.9955311620441666,0.9875842020228781,0.9994596833432527,0.0,0.0,0.9166666666666666,0.6,1.0,1.0,0.0,1.0,0
0.0,0.0,0.0,0.0,0.0,0.9166666666666666,0.6,1.0,1.0,1.0,1.0,0
0.9965166294296343,0.9895645874649116,0.9999502007735512,0.0,0.0,0.9166666666666666,0.6,0.0,0.0,0.0,0.0,0
0.9969996099212124,0.9945051556057442,0.9984650848762472,0.0,0.0,0.16666666666666666,0.5,1.0,1.0,0.0,1.0,0
0.9970347312970915,0.9876101906835058,0.9999952477875357,0.0,0.0,0.9166666666666666,0.6,0.0,0.0,0.0,0.0,0
0.996063007058707,0.9871286826798398,0.9985199828306524,0.0,0.0,0.9166666666666666,0.5,1.0,1.0,1.0,1.0,0
0.9994619976614976,0.9900494121166957,0.9994548816285753,0.0,0.0,0.9166666666666666,0.6,1.0,1.0,0.0,1.0,0
0.9960188713605475,0.9920345002687475,0.9999707936942299,0.0,0.0,0.16666666666666666,0.5,1.0,1.0,0.0,1.0,0
0.9960629578001152,0.9925738268545335,0.9999858423670335,0.0,0.0,0.0,0.6,1.0,1.0,0.0,1.0,0
0.9955319994402254,0.9955053972755369,0.9999556460169999,0.0,0.0,0.0,0.6,1.0,1.0,1.0,1.0,0
0.9960684747623851,0.9910943047805572,0.999955943030279,0.0,0.0,0.0,0.6,0.0,0.0,0.0,0.0,0
0.9955615053366512,0.9920698943494117,0.9999903470684319,0.0,0.0,0.5833333333333334,0.6,1.0,1.0,1.0,1.0,0
0.9980297055907565,0.9895740918893697,0.9999951982853226,0.0,0.0,0.9166666666666666,0.6,1.0,1.0,0.0,1.0,0
0.9960196594980145,0.989065209163176,0.9994602278675976,0.0,0.0,0.0,0.7,1.0,1.0,1.0,1.0,0
0.9950830073769175,0.9935691183032543,0.9995094330674883,0.0,0.0,0.9166666666666666,0.5,1.0,1.0,0.0,1.0,0
0.9955663326786374,0.9895996350301008,0.9999951487831094,0.0,0.0,0.75,0.7,1.0,1.0,1.0,1.0,0
0.9955569242876234,0.9871151685763134,0.999980743639077,0.0,0.0,0.0,0.6,1.0,1.0,1.0,1.0,0
0.997522342096289,0.9890902572818,0.9999708926986562,0.0,0.0,0.9166666666666666,0.6,1.0,1.0,1.0,1.0,0
0.9955224925320281,0.9895555780625607,0.9994955229455876,0.0,0.0,0.9166666666666666,0.6,0.0,0.0,0.0,0.0,0
0.9955271228396475,0.9940396368161406,0.9999557450214263,0.0,0.0,0.9166666666666666,0.6,1.0,1.0,1.0,1.0,0
0.9965211612200703,0.9880840258445102,0.9999951982853226,0.0,0.0,0.9166666666666666,0.6,0.0,0.0,0.0,0.0,0
0.9955367282650281,0.989074911596477,0.9999653979529943,0.0,0.0,0.0,0.6,1.0,1.0,0.0,1.0,0
0.9955613083022844,0.9876145468780491,0.9999954952986015,0.0,0.0,0.16666666666666666,0.7,0.0,0.0,0.0,0.0,0
0.9995112069946018,0.993068997468358,0.9999952477875357,0.0,0.0,0.0,0.6,0.0,0.0,0.0,0.0,0
0.9955412600554642,0.9925445710479984,0.9999650514375021,0.0,0.0,0.9166666666666666,0.5,1.0,1.0,0.0,1.0,0
0.9955669237817377,0.9950454722357446,0.9999942577432723,0.0,0.0,0.0,0.6,1.0,1.0,1.0,1.0,0
0.9965221463919042,0.9875899937815323,0.9994846324586902,0.0,0.0,0.9166666666666666,0.7,1.0,1.0,1.0,1.0,0
0.9955714555721737,0.999010203296669,0.9994957209544403,0.0,0.0,0.9166666666666666,0.0,1.0,1.0,0.0,1.0,0
0.9999604453508683,0.9875801428415991,0.9999558440258526,0.0,0.0,0.0,0.7,1.0,1.0,1.0,1.0,0
0.9955556435642394,0.9940440920151054,0.9999795060837477,0.0,0.0,0.0,0.7,1.0,1.0,1.0,1.0,0
0.9960439932423123,0.995029879039368,0.9994851769830352,0.0,0.0,0.0,0.6,1.0,1.0,1.0,1.0,0
0.9950832044112842,0.9950543826336741,0.9969909584702668,0.0,0.0,0.9166666666666666,0.6,1.0,1.0,1.0,1.0,0
0.9965561840787661,0.9960396251336189,0.999000005791759,0.0,0.0,0.0,0.6,0.0,0.0,0.0,0.0,0
0.9975407648095833,0.9940589426783211,0.9999898025440871,0.0,0.0,0.25,0.6,0.0,0.0,0.0,0.0,0
0.0,0.0,0.0,0.0,0.0,0.9166666666666666,0.7,1.0,1.0,0.0,1.0,0
0.9975309623498358,0.9955341580599648,0.9999698531521797,0.0,0.0,0.9166666666666666,0.6,0.0,0.0,0.0,0.0,0
0.9975068748984965,0.9969950178004999,0.9990146584468572,0.0,0.0,0.16666666666666666,0.5,1.0,1.0,0.0,1.0,0
0.9960433528806203,0.9910690586530904,0.9994894836755809,0.0,0.0,0.0,0.5,1.0,1.0,1.0,1.0,0
0.9965163831366758,0.9945145610257808,0.9965245486177818,0.0,0.0,0.0,0.6,1.0,1.0,1.0,1.0,0
0.9960544360637519,0.9871200692951747,0.9999497552536327,0.0,0.0,0.9166666666666666,0.6,1.0,1.0,0.0,1.0,0
0.9970482774098078,0.9886051851189622,0.9994944833991111,0.0,0.0,0.9166666666666666,0.6,0.0,0.0,0.0,0.0,0
0.9960292156648035,0.9880847188754602,0.999960348727251,0.0,0.0,0.9166666666666666,0.6,0.0,0.0,0.0,0.0,0
0.999960002023543,0.9880747689311057,0.9999899510507265,0.0,0.0,0.9166666666666666,0.7,0.0,0.0,0.0,0.0,0
0.9955410630210975,0.9960095277895016,0.9999698036499665,0.0,0.0,0.0,0.6,1.0,1.0,0.0,1.0,0
0.9955218521703361,0.9915350229625904,0.9999504482846171,0.0,0.0,0.0,0.6,1.0,1.0,0.0,1.0,0
0.9955418511585645,0.9950192855662741,0.9984854797880731,0.0,0.0,0.16666666666666666,0.5,0.0,0.0,0.0,0.0,0
0.9980339418296424,0.991089404061696,0.9985141910717116,0.0,0.0,0.0,0.6,1.0,1.0,0.0,1.0,0
0.9955556928228311,0.9900839646597778,0.999979555585961,0.0,0.0,0.9166666666666666,0.6,0.0,1.0,0.0,0.0,0
0.9980347299671095,0.992080240311452,0.9989608495411417,0.0,0.0,0.16666666666666666,0.6,1.0,1.0,0.0,1.0,0
0.999024138039913,0.9955496522519199,0.9990151039667757,0.0,0.0,0.0,0.5,1.0,1.0,0.0,1.0,0
0.9955614068194678,0.9915747732377981,0.9999952477875357,0.0,0.0,0.9166666666666666,0.6,0.0,0.0,0.0,0.0,0
0.9960247823915509,0.9861001752477264,0.9999557945236395,0.0,0.0,0.0,0.6,1.0,1.0,0.0,1.0,0
0.9955457425873085,0.9920648946261291,0.9999893075219554,0.0,0.0,0.5,0.8,1.0,1.0,1.0,1.0,0
0.9955369745579866,0.9890751591075306,0.9999655959618471,0.0,0.0,0.9166666666666666,0.6,1.0,1.0,1.0,1.0,0
0.995560717199184,0.9925641244212325,0.9994945329013242,0.0,0.0,0.9166666666666666,0.6,0.0,0.0,0.0,0.0,0
0.9965313084899596,0.9915594275524751,0.999990396570645,0.0,0.0,0.0,0.6,1.0,1.0,1.0,1.0,0
0.9955471710864677,0.9960150720371022,0.9999758429199732,0.0,0.0,0.3333333333333333,0.7,0.0,0.0,0.0,0.0,0
0.9965561840787661,0.988119320920753,0.9969805630055011,0.0,0.0,0.0,0.6,1.0,1.0,0.0,1.0,0
0.9955273198740142,0.9940156282439417,0.9999510423111752,0.0,0.0,0.9166666666666666,0.6,1.0,1.0,0.0,1.0,0
0.9955320979574087,0.9925353636368046,0.9999600022117588,0.0,0.0,0.9166666666666666,0.5,0.0,0.0,0.0,0.0,0
0.9955413585726476,0.9955148026955736,0.9955148519757595,0.0,0.0,0.16666666666666666,0.4,0.0,0.0,0.0,0.0,0
0.995542097451523,0.9925454125855807,0.999970843196443,0.0,0.0,0.9166666666666666,0.5,0.0,0.0,0.0,0.0,0
0.996526727440932,0.9910598017396859,0.996505341759072,0.0,0.0,0.9166666666666666,0.4,0.0,0.0,0.0,0.0,0
0.9995025374824633,0.9881088759542912,0.999495621950014,0.0,0.0,0.9166666666666666,0.6,1.0,1.0,0.0,1.0,0
0.9955217043945609,0.9895548355293999,0.9995097300807673,0.0,0.0,0.9166666666666666,0.5,1.0,1.0,0.0,1.0,0
0.0,0.0,0.0,1.0,0.0,1.0,0.0,0.0,0.0,0.0,0.0,1
0.0,0.0,0.0,0.0,0.8571428571428571,1.0,0.0,0.0,0.0,0.0,0.0,1
0.0,0.0,0.0,1.0,0.0,1.0,0.0,0.0,0.0,0.0,0.0,1
0.0,0.0,0.0,1.0,0.0,1.0,0.0,0.0,0.0,0.0,0.0,1
0.0,0.0,0.0,0.0,0.42857142857142855,0.9166666666666666,0.0,0.0,0.0,0.0,0.0,1
0.0,0.0,0.0,0.0,0.0,1.0,0.0,0.0,1.0,0.0,0.0,1
0.0,0.0,0.0,0.0,0.42857142857142855,0.0,0.0,1.0,1.0,1.0,1.0,1
0.0,0.0,0.0,0.0,0.0,1.0,0.0,0.0,0.0,0.0,0.0,1
0.0,0.0,0.0,0.0,0.0,1.0,0.0,0.0,0.0,0.0,0.0,1
0.0,0.0,0.0,0.0,0.0,1.0,0.0,1.0,1.0,0.0,1.0,1
0.0,0.0,0.0,0.0,0.42857142857142855,0.0,0.0,0.0,1.0,0.0,0.0,1
0.0,0.0,0.0,0.0,0.0,1.0,0.0,1.0,1.0,0.0,1.0,1
0.0,0.0,0.0,0.0,0.0,1.0,0.0,1.0,1.0,1.0,1.0,1
0.0,0.0,0.0,0.0,0.0,1.0,0.0,1.0,1.0,1.0,1.0,1
0.0,0.0,0.0,1.0,0.0,1.0,0.0,1.0,1.0,1.0,1.0,1
0.0,0.0,0.0,0.0,0.0,1.0,0.0,0.0,0.0,0.0,0.0,1
0.0,0.0,0.0,0.0,0.42857142857142855,0.25,0.3,1.0,1.0,1.0,1.0,1
0.0,0.0,0.0,0.0,0.42857142857142855,0.0,0.0,1.0,1.0,1.0,1.0,1
0.0,0.0,0.0,1.0,0.0,1.0,0.0,1.0,1.0,1.0,1.0,1
0.0,0.0,0.0,0.0,0.42857142857142855,0.0,0.0,0.0,1.0,0.0,0.0,1
0.0,0.0,0.0,0.0,0.42857142857142855,0.0,0.0,0.0,1.0,0.0,0.0,1
0.0,0.0,0.0,0.0,0.0,1.0,0.0,0.0,0.0,0.0,0.0,1
0.0,0.0,0.0,0.0,0.0,1.0,0.0,1.0,1.0,0.0,1.0,1
0.0,0.0,0.0,1.0,0.0,1.0,0.0,0.0,0.0,0.0,0.0,1
0.0,0.0,0.0,0.0,0.8571428571428571,0.0,0.0,1.0,1.0,1.0,1.0,1
0.0,0.0,0.0,0.0,0.0,1.0,0.0,0.0,1.0,0.0,0.0,1
0.0,0.0,0.0,0.0,0.14285714285714285,0.3333333333333333,0.0,1.0,1.0,1.0,1.0,1
0.0,0.0,0.0,0.0,0.0,1.0,0.3,0.0,1.0,0.0,0.0,1
0.0,0.0,0.0,0.0,0.0,1.0,0.0,1.0,1.0,1.0,1.0,1
0.0,0.0,0.0,0.0,0.0,1.0,0.0,0.0,1.0,0.0,0.0,1
0.0,0.0,0.0,0.0,0.0,1.0,0.0,0.0,1.0,0.0,0.0,1
0.0,0.0,0.0,0.0,0.7142857142857143,0.9166666666666666,0.0,0.0,0.0,0.0,0.0,1
0.0,0.0,0.0,1.0,0.0,1.0,0.0,0.0,0.0,0.0,0.0,1
0.0,0.0,0.0,0.0,0.42857142857142855,0.0,0.0,0.0,1.0,0.0,0.0,1
0.0,0.0,0.0,0.0,0.0,1.0,0.0,1.0,1.0,1.0,1.0,1
0.0,0.0,0.0,0.0,0.0,1.0,0.0,0.0,1.0,0.0,0.0,1
0.0,0.0,0.0,0.0,0.0,1.0,0.0,1.0,1.0,1.0,1.0,1
0.0,0.0,0.0,1.0,0.42857142857142855,0.0,0.0,1.0,1.0,1.0,1.0,1
0.0,0.0,0.0,0.0,0.0,1.0,0.0,1.0,1.0,1.0,1.0,1
0.0,0.0,0.0,0.0,0.42857142857142855,1.0,0.0,1.0,1.0,0.0,1.0,1
0.0,0.0,0.0,0.0,0.5714285714285714,0.0,0.0,1.0,1.0,1.0,1.0,1
0.0,0.0,0.0,0.0,0.0,1.0,0.0,1.0,1.0,1.0,1.0,1
0.0,0.0,0.0,0.0,0.8571428571428571,0.9166666666666666,0.0,0.0,0.0,0.0,0.0,1
0.0,0.0,0.0,0.0,0.0,0.16666666666666666,0.4,1.0,1.0,0.0,1.0,1
0.0,0.0,0.0,0.0,0.0,1.0,0.0,0.0,1.0,0.0,0.0,1
0.0,0.0,0.0,0.0,0.8571428571428571,1.0,0.0,0.0,0.0,0.0,0.0,1
0.0,0.0,0.0,0.0,0.0,1.0,0.0,1.0,1.0,1.0,1.0,1
0.0,0.0,0.0,0.0,0.8571428571428571,0.9166666666666666,0.0,0.0,0.0,0.0,0.0,1
0.0,0.0,0.0,0.0,0.14285714285714285,0.0,0.0,1.0,1.0,1.0,1.0,1
0.9955668745231461,0.9999956438054567,0.0005000218552271144,0.0,0.7142857142857143,0.0,0.0,1.0,1.0,1.0,1.0,1
0.0,0.0,0.0,0.0,0.0,1.0,0.4,0.0,0.0,0.0,0.0,1
0.0,0.0,0.0,0.0,0.42857142857142855,0.0,0.4,1.0,1.0,1.0,1.0,1
0.0,0.0,0.0,0.0,0.0,1.0,0.0,0.0,0.0,0.0,0.0,1
0.0,0.0,0.0,0.0,0.0,0.0,0.5,1.0,1.0,1.0,1.0,1
0.0,0.0,0.0,0.0,0.8571428571428571,0.9166666666666666,0.0,0.0,0.0,0.0,0.0,1
0.0,0.0,0.0,0.0,0.42857142857142855,0.0,0.0,0.0,1.0,0.0,0.0,1
0.0,0.0,0.0,0.0,0.0,1.0,0.0,0.0,0.0,0.0,0.0,1
0.0,0.0,0.0,0.0,0.0,0.0,0.0,1.0,1.0,1.0,1.0,1
0.0,0.0,0.0,0.0,0.0,1.0,0.0,0.0,1.0,0.0,0.0,1
0.0,0.0,0.0,0.0,0.0,1.0,0.0,0.0,0.0,0.0,0.0,1
0.0,0.0,0.0,0.0,0.42857142857142855,0.0,0.0,0.0,1.0,0.0,0.0,1
0.0,0.0,0.0,0.0,0.0,1.0,0.0,0.0,1.0,0.0,0.0,1
0.9955712092792153,1.0,0.0005000218552271144,1.0,0.0,0.9166666666666666,0.0,0.0,0.0,0.0,0.0,1
0.0,0.0,0.0,1.0,0.0,1.0,0.0,0.0,0.0,0.0,0.0,1
0.0,0.0,0.0,0.0,0.0,1.0,0.0,1.0,1.0,1.0,1.0,1
0.0,0.0,0.0,0.0,0.0,1.0,0.0,1.0,1.0,1.0,1.0,1
0.0,0.0,0.0,0.0,0.5714285714285714,0.0,0.3,1.0,1.0,0.0,1.0,1
0.0,0.0,0.0,1.0,0.2857142857142857,0.16666666666666666,0.0,0.0,0.0,0.0,0.0,1
0.0,0.0,0.0,0.0,0.0,1.0,0.0,1.0,1.0,0.0,1.0,1
0.0,0.0,0.0,0.0,0.0,1.0,0.3,0.0,0.0,0.0,0.0,1
0.0,0.0,0.0,0.0,0.0,1.0,0.0,0.0,0.0,0.0,0.0,1
0.0,0.0,0.0,0.0,0.7142857142857143,0.0,0.0,1.0,1.0,1.0,1.0,1
0.0,0.0,0.0,0.0,0.0,1.0,0.0,1.0,1.0,1.0,1.0,1
0.0,0.0,0.0,1.0,0.0,1.0,0.0,0.0,0.0,0.0,0.0,1
0.0,0.0,0.0,0.0,0.5714285714285714,0.0,0.0,1.0,1.0,1.0,1.0,1
0.0,0.0,0.0,0.0,0.0,1.0,0.0,1.0,1.0,1.0,1.0,1
0.0,0.0,0.0,1.0,0.0,1.0,0.0,1.0,1.0,1.0,1.0,1
0.0,0.0,0.0,0.0,0.0,1.0,0.0,0.0,1.0,0.0,0.0,1
0.0,0.0,0.0,0.0,0.0,1.0,0.0,0.0,0.0,0.0,0.0,1
0.0,0.0,0.0,1.0,0.2857142857142857,0.0,0.0,0.0,0.0,0.0,0.0,1
0.0,0.0,0.0,0.0,0.0,1.0,0.0,1.0,1.0,1.0,1.0,1
0.0,0.0,0.0,0.0,0.0,1.0,0.0,0.0,1.0,0.0,0.0,1
0.0,0.0,0.0,0.0,0.0,1.0,0.0,1.0,1.0,1.0,1.0,1
0.0,0.0,0.0,0.0,0.0,1.0,0.0,1.0,1.0,1.0,1.0,1
0.9955710615034402,0.9999998514933679,0.0005000218552271144,0.0,0.0,1.0,0.0,0.0,0.0,0.0,0.0,1
0.0,0.0,0.0,1.0,0.0,1.0,0.0,0.0,0.0,0.0,0.0,1
0.0,0.0,0.0,0.0,0.0,1.0,0.3,1.0,1.0,0.0,1.0,1
0.0,0.0,0.0,1.0,0.0,1.0,0.4,0.0,0.0,0.0,0.0,1
0.0,0.0,0.0,1.0,0.42857142857142855,0.0,0.0,0.0,0.0,0.0,0.0,1
0.0,0.0,0.0,0.0,0.0,1.0,0.0,1.0,1.0,1.0,1.0,1
0.0,0.0,0.0,0.0,0.2857142857142857,0.0,0.3,1.0,1.0,1.0,1.0,1
0.0,0.0,0.0,0.0,0.0,0.0,0.0,1.0,1.0,0.0,1.0,1
0.0,0.0,0.0,0.0,0.42857142857142855,0.0,0.0,0.0,1.0,0.0,0.0,1
0.0,0.0,0.0,0.0,0.0,1.0,0.0,0.0,0.0,0.0,0.0,1
0.0,0.0,0.0,0.0,0.7142857142857143,1.0,0.3,0.0,1.0,0.0,0.0,1
0.0,0.0,0.0,0.0,0.0,1.0,0.3,0.0,1.0,0.0,0.0,1
0.0,0.0,0.0,0.0,0.42857142857142855,0.0,0.0,0.0,1.0,0.0,0.0,1
0.0,0.0,0.0,1.0,0.0,1.0,0.4,0.0,0.0,0.0,0.0,1
0.995566726747371,0.9999954952988246,0.0005000218552271144,0.0,0.0,1.0,0.0,1.0,1.0,1.0,1.0,1
0.0,0.0,0.0,0.0,0.0,1.0,0.0,1.0,1.0,1.0,1.0,1
0.0,0.0,0.0,1.0,0.0,1.0,0.0,0.0,0.0,0.0,0.0,1
0.0,0.0,0.0,0.0,0.0,1.0,0.5,1.0,1.0,0.0,1.0,1
0.0,0.0,0.0,0.0,0.42857142857142855,0.0,0.0,0.0,1.0,0.0,0.0,1
0.0,0.0,0.0,0.0,0.0,1.0,0.0,0.0,1.0,0.0,0.0,1
0.0,0.0,0.0,0.0,0.0,1.0,0.3,0.0,1.0,0.0,0.0,1
0.0,0.0,0.0,0.0,0.8571428571428571,1.0,0.0,0.0,0.0,0.0,0.0,1
0.0,0.0,0.0,0.0,0.42857142857142855,0.0,0.0,0.0,1.0,0.0,0.0,1
0.0,0.0,0.0,0.0,0.0,1.0,0.0,0.0,1.0,0.0,0.0,1
0.0,0.0,0.0,1.0,0.0,1.0,0.0,0.0,0.0,0.0,0.0,1
0.0,0.0,0.0,1.0,0.0,1.0,0.0,0.0,0.0,0.0,0.0,1
0.0,0.0,0.0,1.0,0.0,1.0,0.0,1.0,1.0,1.0,1.0,1
0.0,0.0,0.0,0.0,0.5714285714285714,0.5833333333333334,0.0,1.0,1.0,1.0,1.0,1
0.0,0.0,0.0,0.0,0.0,1.0,0.0,1.0,1.0,1.0,1.0,1
0.0,0.0,0.0,0.0,0.14285714285714285,0.0,0.3,1.0,1.0,1.0,1.0,1
0.0,0.0,0.0,1.0,0.0,0.5,0.0,1.0,1.0,1.0,1.0,1
0.0,0.0,0.0,0.0,0.8571428571428571,0.0,0.0,1.0,1.0,1.0,1.0,1
0.0,0.0,0.0,0.0,0.7142857142857143,1.0,0.0,1.0,1.0,0.0,1.0,1
0.0,0.0,0.0,1.0,0.0,1.0,0.0,0.0,0.0,0.0,0.0,1
0.0,0.0,0.0,0.0,0.14285714285714285,0.08333333333333333,0.2,1.0,1.0,1.0,1.0,1
0.0,0.0,0.0,0.0,0.2857142857142857,0.08333333333333333,0.0,0.0,0.0,0.0,0.0,1
0.0,0.0,0.0,1.0,0.0,1.0,0.0,0.0,0.0,0.0,0.0,1
0.0,0.0,0.0,0.0,0.0,1.0,0.5,0.0,0.0,0.0,0.0,1
0.0,0.0,0.0,0.0,0.7142857142857143,0.0,0.0,0.0,0.0,0.0,0.0,1
0.0,0.0,0.0,0.0,0.0,1.0,0.0,0.0,0.0,0.0,0.0,1
0.0,0.0,0.0,0.0,1.0,0.5833333333333334,0.0,0.0,0.0,0.0,0.0,1
0.0,0.0,0.0,0.0,0.0,1.0,0.0,1.0,1.0,1.0,1.0,1
0.0,0.0,0.0,0.0,0.8571428571428571,0.0,0.0,0.0,0.0,0.0,0.0,1
0.0,0.0,0.0,0.0,0.5714285714285714,0.9166666666666666,0.0,0.0,0.0,0.0,0.0,1
0.0,0.0,0.0,1.0,0.0,1.0,0.0,0.0,1.0,0.0,0.0,1
0.0,0.0,0.0,0.0,0.0,1.0,0.0,1.0,1.0,1.0,1.0,1
0.0,0.0,0.0,0.0,0.8571428571428571,1.0,0.0,0.0,1.0,0.0,0.0,1
0.0,0.0,0.0,0.0,0.0,1.0,0.4,1.0,1.0,0.0,1.0,1
0.0,0.0,0.0,1.0,0.0,1.0,0.0,0.0,0.0,0.0,0.0,1
0.0,0.0,0.0,0.0,0.8571428571428571,1.0,0.0,0.0,1.0,0.0,0.0,1
0.0,0.0,0.0,0.0,0.7142857142857143,0.0,0.0,0.0,1.0,0.0,0.0,1
0.0,0.0,0.0,0.0,0.0,1.0,0.0,0.0,0.0,0.0,0.0,1
0.0,0.0,0.0,0.0,0.0,1.0,0.0,0.0,1.0,0.0,0.0,1
0.0,0.0,0.0,1.0,0.2857142857142857,0.0,0.9,1.0,1.0,1.0,1.0,1
0.0,0.0,0.0,0.0,0.2857142857142857,0.25,0.0,1.0,1.0,0.0,1.0,1
0.0,0.0,0.0,0.0,0.0,1.0,0.0,0.0,1.0,0.0,0.0,1
0.0,0.0,0.0,0.0,0.0,1.0,0.3,0.0,0.0,0.0,0.0,1
0.0,0.0,0.0,1.0,0.0,1.0,0.4,0.0,1.0,0.0,0.0,1
0.0,0.0,0.0,0.0,0.2857142857142857,0.0,0.0,1.0,1.0,0.0,1.0,1
0.0,0.0,0.0,0.0,0.0,1.0,0.3,1.0,1.0,1.0,1.0,1
0.0,0.0,0.0,0.0,0.0,1.0,0.0,1.0,1.0,1.0,1.0,1
0.0,0.0,0.0,0.0,0.42857142857142855,0.0,0.0,1.0,1.0,1.0,1.0,1
0.0,0.0,0.0,1.0,0.0,0.0,0.0,1.0,1.0,1.0,1.0,1
0.0,0.0,0.0,0.0,0.8571428571428571,1.0,0.0,0.0,1.0,1.0,0.0,1
0.0,0.0,0.0,0.0,0.0,1.0,0.0,0.0,1.0,0.0,0.0,1
0.0,0.0,0.0,0.0,0.5714285714285714,1.0,0.0,0.0,1.0,0.0,0.0,1
0.0,0.0,0.0,0.0,0.5714285714285714,0.16666666666666666,0.4,0.0,0.0,0.0,0.0,1
0.0,0.0,0.0,0.0,1.0,0.0,0.0,0.0,0.0,0.0,0.0,1
0.0,0.0,0.0,0.0,0.0,1.0,0.0,1.0,1.0,1.0,1.0,1
0.0,0.0,0.0,0.0,0.2857142857142857,1.0,0.0,1.0,1.0,1.0,1.0,1
0.0,0.0,0.0,1.0,0.0,0.0,0.0,0.0,0.0,0.0,0.0,1
0.0,0.0,0.0,0.0,0.0,1.0,0.0,1.0,1.0,0.0,1.0,1
0.9955705196589315,0.9945540637899348,0.9999993069690156,0.0,0.0,1.0,0.3,1.0,1.0,1.0,1.0,1
0.0,0.0,0.0,0.0,0.42857142857142855,0.0,0.0,0.0,1.0,0.0,0.0,1
0.0,0.0,0.0,0.0,0.0,1.0,0.0,1.0,1.0,0.0,1.0,1
0.0,0.0,0.0,1.0,0.0,1.0,0.0,1.0,1.0,1.0,1.0,1
0.0,0.0,0.0,1.0,0.0,1.0,0.0,1.0,1.0,1.0,1.0,1
0.0,0.0,0.0,0.0,0.0,1.0,0.0,0.0,0.0,0.0,0.0,1
0.0,0.0,0.0,0.0,0.0,1.0,0.0,0.0,0.0,0.0,0.0,1
0.0,0.0,0.0,0.0,0.0,1.0,0.0,0.0,1.0,0.0,0.0,1
0.9979948797664275,0.9920401930229802,0.9980246636856764,0.0,0.0,0.16666666666666666,0.6,1.0,1.0,0.0,1.0,0
0.9955509639980282,0.9925543229835101,0.9999797535948136,1.0,0.0,1.0,0.6,1.0,1.0,1.0,1.0,0
0.0,0.0,0.0,0.0,0.0,0.0,0.6,1.0,1.0,0.0,1.0,0
0.9955559883743813,0.9876092006392914,0.9999952477875357,1.0,0.0,1.0,0.7,1.0,1.0,1.0,1.0,0
0.9970100034840602,0.9880802636764955,0.9999951982853226,1.0,0.0,1.0,0.6,1.0,1.0,1.0,1.0,0
0.9980194598036838,0.9950350272692828,0.9999504977868303,1.0,0.0,1.0,0.6,1.0,1.0,1.0,1.0,0
0.997541454429867,0.9881194199251745,0.9999900995573661,0.0,0.0,0.0,0.6,1.0,1.0,1.0,1.0,0
0.9975272679554587,0.9915702685366226,0.9980046647915558,1.0,0.0,1.0,0.6,1.0,1.0,0.0,1.0,0
0.99754096184395,0.9881189249030673,0.9999896045352343,0.0,0.0,0.0,0.7,1.0,1.0,0.0,1.0,0
0.9960197580151979,0.9900553028797713,0.9999951982853226,1.0,0.0,0.0,0.7,1.0,1.0,1.0,1.0,0
0.9970043387460151,0.9920347972820118,0.9990004018094643,0.0,0.0,0.0,0.6,1.0,1.0,0.0,1.0,0
0.997004535780382,0.9895598847548933,0.9974803868518756,1.0,0.0,0.0,0.6,1.0,1.0,0.0,1.0,0
0.9955459396216753,0.9875991021883046,0.9999746548668571,0.0,0.0,0.0,0.6,1.0,1.0,1.0,1.0,0
0.9950835984800178,0.9856494081169171,0.9999999504977868,1.0,0.0,0.3333333333333333,0.6,0.0,0.0,0.0,0.0,0
0.9955756918110596,0.9891140678451559,0.9999951982853226,0.0,0.0,0.0,0.5,0.0,0.0,0.0,0.0,0
0.9955368267822116,0.9880848673820924,0.9999655464596339,0.0,0.0,0.0,0.6,0.0,0.0,0.0,0.0,0
0.995561209785101,0.9920695973361474,0.998990105349125,0.0,0.0,0.16666666666666666,0.5,1.0,1.0,0.0,1.0,0
0.9955708152104817,0.9915842281600454,0.9999945547565513,0.0,0.0,0.0,0.6,1.0,1.0,0.0,1.0,0
0.99650662993552,0.9880695216967694,0.9995045818505977,0.0,0.0,0.0,0.5,1.0,1.0,1.0,1.0,0
0.9989843863564144,0.9910552970385105,0.999960893251596,0.0,0.0,0.16666666666666666,0.5,1.0,1.0,0.0,1.0,0
0.9970048805905238,0.9900552533775606,0.9990097082255402,0.0,0.0,0.9166666666666666,0.6,0.0,0.0,0.0,0.0,0
0.9994928335398993,0.9881037772265872,0.9999951982853226,0.0,0.0,0.0,0.6,1.0,1.0,1.0,1.0,0
0.9999642382624288,0.9885704345670373,0.9999695066366875,0.0,0.0,0.0,0.6,1.0,1.0,1.0,1.0,0
0.9980093125337944,0.9871045256010088,0.9999844563050647,0.0,0.0,0.0,0.7,1.0,1.0,0.0,1.0,0
0.9950833029284676,0.9975295921740569,0.9995056213970742,0.0,0.0,0.16666666666666666,0.4,1.0,1.0,0.0,1.0,0
0.9965559377858075,0.9871290291953149,0.9995105221161781,0.0,0.0,0.9166666666666666,0.6,1.0,1.0,1.0,1.0,0
0.9955214088430108,0.9900495111211172,0.9999600022117588,0.0,0.0,0.0,0.5,1.0,1.0,1.0,1.0,0
0.9955212610672357,0.9880693236879265,0.9999498047558459,0.0,0.0,0.9166666666666666,0.5,1.0,1.0,1.0,1.0,0
0.9955365312306614,0.9925398683379801,0.9999602497228247,0.0,0.0,0.0,0.6,1.0,1.0,1.0,1.0,0
0.99555101325662,0.9920593503785285,0.9999798030970267,0.0,0.0,0.9166666666666666,0.5,1.0,1.0,1.0,1.0,0
0.9980341881226009,0.988593948117129,0.9999906935839241,0.0,0.0,0.9166666666666666,0.6,1.0,1.0,1.0,1.0,0
0.9970093631223681,0.9930298907218897,0.9994652770933409,0.0,0.0,0.9166666666666666,0.7,1.0,1.0,1.0,1.0,0
0.9999895079199688,0.9876094481503449,0.9999850008294096,0.0,0.0,0.0,0.6,0.0,0.0,0.0,0.0,0
0.9955715540893572,0.9935650591219753,0.9980203569931306,0.0,0.0,0.0,0.6,1.0,1.0,1.0,1.0,0
0.9970102005184269,0.9920648451239183,0.9980202084864911,0.0,0.0,0.9166666666666666,0.5,0.0,0.0,0.0,0.0,0
0.9965509134094546,0.9871239799698215,0.9989904518646172,0.0,0.0,0.0,0.7,1.0,1.0,1.0,1.0,0
0.9955260884092219,0.9954994570102507,0.9994547331219358,0.0,0.0,0.0,0.4,0.0,0.0,0.0,0.0,0
0.9965322444032019,0.9950255228448247,0.9999948022676172,0.0,0.0,0.16666666666666666,0.5,1.0,1.0,1.0,1.0,0
0.9955710122448485,0.9866342545991762,0.9999952477875357,0.0,0.0,0.0,0.7,1.0,1.0,1.0,1.0,0
0.9950778352247893,0.9886137490014166,0.9984652828850998,0.0,0.0,0.9166666666666666,0.5,1.0,1.0,1.0,1.0,0
0.9955569735462152,0.9915703180388333,0.9999857928648203,0.0,0.0,0.0,0.5,1.0,1.0,0.0,1.0,0
0.996029461957762,0.9865998505627263,0.9999695066366875,0.0,0.0,0.0,0.7,0.0,0.0,0.0,0.0,0
0.9975165788410606,0.9920545486640888,0.9999846048117043,0.0,0.0,0.0,0.6,1.0,1.0,1.0,1.0,0
0.9960541405122016,0.9890998607106795,0.9985001819453845,0.0,0.0,0.0,0.6,1.0,1.0,1.0,1.0,0
0.9955606679405924,0.9915740307046372,0.9999856443581808,0.0,0.0,0.0,0.6,1.0,1.0,1.0,1.0,0
0.9960137484670111,0.9896045852511728,0.9999952477875357,0.0,0.0,0.9166666666666666,0.6,1.0,1.0,1.0,1.0,0
0.995575790328243,0.9881241226351928,0.9994596338410395,0.0,0.0,0.9166666666666666,0.5,1.0,1.0,0.0,1.0,0
0.9960137484670111,0.9890592688978898,0.9990155989889073,0.0,0.0,0.0,0.5,1.0,1.0,0.0,1.0,0
0.9960243883228174,0.9960002213738863,0.9989849076167422,0.0,0.0,0.9166666666666666,0.5,1.0,1.0,0.0,1.0,0
0.0,0.0,0.0,0.0,0.0,0.9166666666666666,0.5,0.0,0.0,0.0,0.0,0
0.9950785248450731,0.9975247904596172,0.999995049778683,0.0,0.0,0.9166666666666666,0.5,0.0,0.0,0.0,0.0,0
0.9955262854435887,0.991044456054363,0.9999499532624855,0.0,0.0,0.0,0.6,1.0,1.0,0.0,1.0,0
0.9979944364391024,0.9895646369671223,0.9999951982853226,0.0,0.0,0.5833333333333334,0.6,1.0,1.0,1.0,1.0,0
0.9980384736200785,0.9915889803722745,0.9999800011058795,0.0,0.0,0.9166666666666666,0.7,0.0,1.0,0.0,0.0,0
0.9955223940148447,0.9895554790581392,0.9985154781292539,0.0,0.14285714285714285,0.0,0.6,1.0,1.0,1.0,1.0,0
0.9975071704500467,0.9945202042778029,0.9999952972897489,0.0,0.0,0.0,0.6,1.0,1.0,1.0,1.0,0
0.9970003488000878,0.9954959423532895,0.9990143614335781,0.0,0.0,0.16666666666666666,0.5,1.0,1.0,0.0,1.0,0
0.9965213089958453,0.9890743175699483,0.99947057383015,0.0,0.0,0.0,0.8,1.0,1.0,1.0,1.0,0
0.9955520476870456,0.9876052404624338,0.9999951982853226,0.0,0.0,0.9166666666666666,0.6,1.0,1.0,1.0,1.0,0
0.9999945322963217,0.9886045415902229,0.9999900995573661,0.0,0.0,0.9166666666666666,0.6,1.0,1.0,0.0,1.0,0
0.9955558898571979,0.9890941679564468,0.9999846543139174,0.0,0.0,0.9166666666666666,0.6,1.0,1.0,1.0,1.0,0
0.9965311607141846,0.9900742127242661,0.9984958257506256,0.0,0.0,0.9166666666666666,0.6,1.0,1.0,1.0,1.0,0
0.9955559391157895,0.9876091511370806,0.9999798030970267,0.0,0.0,0.9166666666666666,0.5,1.0,1.0,0.0,1.0,0
0.9999643367796122,0.987584053516246,0.9999951982853226,0.0,0.0,0.0,0.7,0.0,0.0,0.0,0.0,0
0.9955706181761149,0.9876239522980856,0.9999945052543382,0.0,0.0,0.9166666666666666,0.6,1.0,1.0,1.0,1.0,0
0.9955266302537306,0.9880746204244736,0.9999552995015077,0.0,0.0,0.9166666666666666,0.4,1.0,1.0,0.0,1.0,0
0.9960639429719491,0.9965349937562862,0.9994658216176858,0.0,0.0,0.9166666666666666,0.5,1.0,1.0,0.0,1.0,0
0.0,0.0,0.0,1.0,0.0,1.0,0.0,1.0,1.0,1.0,1.0,1
0.0,0.0,0.0,0.0,0.0,1.0,0.0,1.0,1.0,1.0,1.0,1
0.0,0.0,0.0,0.0,0.5714285714285714,0.9166666666666666,0.0,1.0,1.0,1.0,1.0,1
0.0,0.0,0.0,0.0,0.14285714285714285,0.9166666666666666,0.0,1.0,1.0,1.0,1.0,1
0.0,0.0,0.0,1.0,0.0,0.0,0.0,0.0,0.0,0.0,0.0,1
0.0,0.0,0.0,1.0,0.14285714285714285,0.0,0.0,1.0,1.0,1.0,1.0,1
0.0,0.0,0.0,0.0,0.0,1.0,0.0,1.0,1.0,1.0,1.0,1
0.0,0.0,0.0,0.0,0.0,1.0,0.0,1.0,1.0,1.0,1.0,1
0.0,0.0,0.0,0.0,0.0,1.0,0.0,1.0,1.0,1.0,1.0,1
0.0,0.0,0.0,0.0,0.0,1.0,0.0,0.0,0.0,0.0,0.0,1
0.0,0.0,0.0,1.0,0.0,1.0,0.0,1.0,1.0,1.0,1.0,1
0.9955711600206236,0.9999999504977893,1.0,1.0,0.0,1.0,0.0,0.0,0.0,0.0,0.0,1
0.0,0.0,0.0,1.0,0.0,1.0,0.0,0.0,0.0,0.0,0.0,1
0.0,0.0,0.0,0.0,0.0,1.0,0.0,0.0,1.0,0.0,0.0,1
0.0,0.0,0.0,0.0,0.0,1.0,0.0,0.0,1.0,0.0,0.0,1
0.0,0.0,0.0,0.0,0.0,1.0,0.0,1.0,1.0,1.0,1.0,1
0.0,0.0,0.0,0.0,0.5714285714285714,0.0,0.0,1.0,1.0,1.0,1.0,1
0.0,0.0,0.0,1.0,0.2857142857142857,0.0,0.6,0.0,1.0,0.0,0.0,1
0.0,0.0,0.0,1.0,0.0,1.0,0.0,1.0,1.0,0.0,1.0,1
0.0,0.0,0.0,0.0,0.0,1.0,0.4,1.0,1.0,1.0,1.0,1
0.0,0.0,0.0,0.0,0.8571428571428571,0.0,0.0,1.0,1.0,1.0,1.0,1
0.0,0.0,0.0,0.0,0.42857142857142855,0.0,0.0,0.0,1.0,0.0,0.0,1
0.0,0.0,0.0,0.0,0.0,1.0,0.0,0.0,1.0,0.0,0.0,1
0.0,0.0,0.0,0.0,0.0,1.0,0.0,0.0,0.0,0.0,0.0,1
0.0,0.0,0.0,0.0,0.0,1.0,0.0,0.0,1.0,0.0,0.0,1
0.0,0.0,0.0,0.0,0.0,1.0,0.3,0.0,1.0,0.0,0.0,1
0.0,0.0,0.0,0.0,0.0,0.0,0.0,1.0,1.0,0.0,1.0,1
0.0,0.0,0.0,0.0,0.0,1.0,0.0,0.0,1.0,0.0,0.0,1
0.0,0.0,0.0,1.0,0.0,0.0,0.0,1.0,1.0,1.0,1.0,1
0.0,0.0,0.0,1.0,0.0,1.0,0.0,0.0,0.0,0.0,0.0,1
0.0,0.0,0.0,1.0,0.14285714285714285,0.0,0.0,0.0,0.0,0.0,0.0,1
0.0,0.0,0.0,0.0,0.2857142857142857,0.0,0.0,1.0,1.0,1.0,1.0,1
0.0,0.0,0.0,0.0,0.7142857142857143,0.0,0.0,1.0,1.0,1.0,1.0,1
0.0,0.0,0.0,0.0,0.42857142857142855,0.0,0.0,0.0,1.0,0.0,0.0,1
0.0,0.0,0.0,0.0,0.42857142857142855,0.0,0.0,0.0,1.0,0.0,0.0,1
0.0,0.0,0.0,1.0,0.14285714285714285,0.0,0.0,1.0,1.0,1.0,1.0,1
0.0,0.0,0.0,0.0,0.0,1.0,0.0,1.0,1.0,1.0,1.0,1
0.9955415556070144,0.999970199669147,0.9999993069690156,1.0,0.14285714285714285,1.0,0.2,0.0,0.0,0.0,0.0,1
0.0,0.0,0.0,0.0,0.0,1.0,0.2,1.0,1.0,1.0,1.0,1
0.0,0.0,0.0,0.0,0.0,1.0,0.3,0.0,1.0,0.0,0.0,1
0.0,0.0,0.0,0.0,0.2857142857142857,0.16666666666666666,0.0,1.0,1.0,0.0,1.0,1
